Organization,Repository,Branch,Status,Quality,SAST Check,Smoke,Unit Test,Dependency Track,SonarQube,ICS,CodeShuttle version,Last pipeline run	
maximus-codeshuttle,codeshuttle,dev,SUCCESS,enabled,enabled,enabled,disabled,enabled,disabled,enabled,V.1.28,10.06.2025T14:52:23.266Z	
maximus-codeshuttle,codeshuttle,1.27.0,SUCCESS,enabled,enabled,enabled,disabled,enabled,disabled,enabled,V.1.29,10.06.2025T15:12:45.123Z	
maximus-codeshuttle,codeshuttle,1.27.1,SUCCESS,enabled,enabled,enabled,disabled,enabled,disabled,enabled,V.1.30,10.06.2025T16:05:10.987Z	
maximus-codeshuttle,secrets-interface,main,SUCCESS,enabled,enabled,enabled,disabled,enabled,disabled,enabled,V.1.31,10.06.2025T17:30:55.456Z	
maximus-codeshuttle,secrets-interface,customers,SUCCESS,enabled,enabled,enabled,disabled,enabled,disabled,enabled,V.1.32,10.06.2025T18:22:33.789Z	
maximus-codeshuttle,maximus-mkdocs,mkdoc_nav,SUCCESS,enabled,enabled,enabled,disabled,enabled,disabled,enabled,V.1.33,10.06.2025T19:45:12.654Z	
maximus-codeshuttle,maximus-mkdocs,main,SUCCESS,enabled,enabled,enabled,disabled,enabled,disabled,enabled,V.1.34,10.06.2025T20:10:01.321Z	
maximus-codeshuttle,odeck,fargate,SUCCESS,enabled,enabled,enabled,disabled,enabled,disabled,enabled,V.1.35,10.06.2025T21:55:44.888Z	
maximus-codeshuttle,odeck,cleanup,SUCCESS,enabled,enabled,enabled,disabled,enabled,disabled,enabled,V.1.36,10.06.2025T22:40:29.555Z	
fedqic,repo1,dev,SUCCESS,enabled,enabled,enabled,disabled,enabled,disabled,enabled,V.1.37,10.06.2025T14:52:23.266Z	
fedqic,repo1,main,SUCCESS,enabled,enabled,enabled,disabled,enabled,disabled,enabled,V.1.38,10.06.2025T15:12:45.123Z	
fedqic,repo2,dev,SUCCESS,enabled,enabled,enabled,disabled,enabled,disabled,enabled,V.1.39,10.06.2025T16:05:10.987Z	
fedqic,repo2,main,SUCCESS,enabled,enabled,enabled,disabled,enabled,disabled,enabled,V.1.40,10.06.2025T17:30:55.456Z	
dxhub,repo1,dev,SUCCESS,enabled,enabled,enabled,disabled,enabled,disabled,enabled,V.1.41,10.06.2025T19:45:12.654Z	
dxhub,repo1,main,SUCCESS,enabled,enabled,enabled,disabled,enabled,disabled,enabled,V.1.42,10.06.2025T20:10:01.321Z	
dxhub,repo2,dev,SUCCESS,enabled,enabled,enabled,disabled,enabled,disabled,enabled,V.1.43,10.06.2025T21:55:44.888Z	